Date,Price,Weekday,Diff,DiffPct
7/18/2010,0.0858,1,,
7/19/2010,0.0808,2,-0.005,-0.058275058
7/20/2010,0.0747,3,-0.0061,-0.07549505
7/21/2010,0.0792,4,0.0045,0.060240964
7/22/2010,0.0505,5,-0.0287,-0.362373737
7/23/2010,0.0626,6,0.0121,0.23960396
7/24/2010,0.0545,7,-0.0081,-0.129392971
7/25/2010,0.0505,1,-0.004,-0.073394495
7/26/2010,0.056,2,0.0055,0.108910891
7/27/2010,0.06,3,0.004,0.071428571
7/28/2010,0.0589,4,-0.0011,-0.018333333
7/29/2010,0.0699,5,0.011,0.186757216
7/30/2010,0.0627,6,-0.0072,-0.103004292
7/31/2010,0.0679,7,0.0052,0.082934609
8/1/2010,0.0611,1,-0.0068,-0.100147275
8/2/2010,0.06,2,-0.0011,-0.018003273
8/3/2010,0.06,3,0,0
8/4/2010,0.057,4,-0.003,-0.05
8/5/2010,0.061,5,0.004,0.070175439
8/6/2010,0.0623,6,0.0013,0.021311475
8/7/2010,0.059,7,-0.0033,-0.052969502
8/8/2010,0.0609,1,0.0019,0.03220339
8/9/2010,0.071,2,0.0101,0.165845649
8/10/2010,0.07,3,-0.001,-0.014084507
8/11/2010,0.067,4,-0.003,-0.042857143
8/12/2010,0.07,5,0.003,0.044776119
8/13/2010,0.0645,6,-0.0055,-0.078571429
8/14/2010,0.067,7,0.0025,0.03875969
8/15/2010,0.0653,1,-0.0017,-0.025373134
8/16/2010,0.0655,2,0.0002,0.003062787
8/17/2010,0.07,3,0.0045,0.06870229
8/18/2010,0.068,4,-0.002,-0.028571429
8/19/2010,0.0667,5,-0.0013,-0.019117647
8/20/2010,0.0655,6,-0.0012,-0.017991004
8/21/2010,0.0664,7,0.0009,0.013740458
8/22/2010,0.066,1,-0.0004,-0.006024096
8/23/2010,0.0649,2,-0.0011,-0.016666667
8/24/2010,0.065,3,0.0001,0.001540832
8/25/2010,0.0648,4,-0.0002,-0.003076923
8/26/2010,0.064,5,-0.0008,-0.012345679
8/27/2010,0.065,6,0.001,0.015625
8/28/2010,0.0641,7,-0.0009,-0.013846154
8/29/2010,0.064,1,-0.0001,-0.001560062
8/30/2010,0.065,2,0.001,0.015625
8/31/2010,0.06,3,-0.005,-0.076923077
9/1/2010,0.0629,4,0.0029,0.048333333
9/2/2010,0.0634,5,0.0005,0.007949126
9/3/2010,0.0609,6,-0.0025,-0.039432177
9/4/2010,0.0624,7,0.0015,0.024630542
9/5/2010,0.0616,1,-0.0008,-0.012820513
9/6/2010,0.0616,2,0,0
9/7/2010,0.061,3,-0.0006,-0.00974026
9/8/2010,0.062,4,0.001,0.016393443
9/9/2010,0.0611,5,-0.0009,-0.014516129
9/10/2010,0.0618,6,0.0007,0.011456628
9/11/2010,0.0637,7,0.0019,0.030744337
9/12/2010,0.0615,1,-0.0022,-0.034536892
9/13/2010,0.0622,2,0.0007,0.011382114
9/14/2010,0.062,3,-0.0002,-0.003215434
9/15/2010,0.0604,4,-0.0016,-0.025806452
9/16/2010,0.0619,5,0.0015,0.024834437
9/17/2010,0.059,6,-0.0029,-0.046849758
9/18/2010,0.061,7,0.002,0.033898305
9/19/2010,0.0627,1,0.0017,0.027868852
9/20/2010,0.0621,2,-0.0006,-0.009569378
9/21/2010,0.0627,3,0.0006,0.009661836
9/22/2010,0.0622,4,-0.0005,-0.007974482
9/23/2010,0.0623,5,0.0001,0.001607717
9/24/2010,0.0622,6,-0.0001,-0.001605136
9/25/2010,0.062,7,-0.0002,-0.003215434
9/26/2010,0.062,1,0,0
9/27/2010,0.0622,2,0.0002,0.003225806
9/28/2010,0.0619,3,-0.0003,-0.004823151
9/29/2010,0.0619,4,0,0
9/30/2010,0.0619,5,0,0
10/1/2010,0.062,6,0.0001,0.001615509
10/2/2010,0.0614,7,-0.0006,-0.009677419
10/3/2010,0.0611,1,-0.0003,-0.004885993
10/4/2010,0.0613,2,0.0002,0.003273322
10/5/2010,0.0614,3,0.0001,0.001631321
10/6/2010,0.0628,4,0.0014,0.022801303
10/7/2010,0.067,5,0.0042,0.066878981
10/8/2010,0.0869,6,0.0199,0.297014925
10/9/2010,0.0938,7,0.0069,0.079401611
10/10/2010,0.0965,1,0.0027,0.028784648
10/11/2010,0.095,2,-0.0015,-0.015544041
10/12/2010,0.0949,3,-0.0001,-0.001052632
10/13/2010,0.105,4,0.0101,0.106427819
10/14/2010,0.102,5,-0.003,-0.028571429
10/15/2010,0.105,6,0.003,0.029411765
10/16/2010,0.101,7,-0.004,-0.038095238
10/17/2010,0.102,1,0.001,0.00990099
10/18/2010,0.1024,2,0.0004,0.003921569
10/19/2010,0.097,3,-0.0054,-0.052734375
10/20/2010,0.099,4,0.002,0.020618557
10/21/2010,0.107,5,0.008,0.080808081
10/22/2010,0.1025,6,-0.0045,-0.042056075
10/23/2010,0.1055,7,0.003,0.029268293
10/24/2010,0.115,1,0.0095,0.090047393
10/25/2010,0.132,2,0.017,0.147826087
10/26/2010,0.1503,3,0.0183,0.138636364
10/27/2010,0.1877,4,0.0374,0.248835662
10/28/2010,0.1731,5,-0.0146,-0.077783697
10/29/2010,0.19,6,0.0169,0.097631427
10/30/2010,0.1989,7,0.0089,0.046842105
10/31/2010,0.1925,1,-0.0064,-0.032176973
11/1/2010,0.1955,2,0.003,0.015584416
11/2/2010,0.1938,3,-0.0017,-0.008695652
11/3/2010,0.1931,4,-0.0007,-0.003611971
11/4/2010,0.23,5,0.0369,0.191092698
11/5/2010,0.26,6,0.03,0.130434783
11/6/2010,0.39,7,0.13,0.5
11/7/2010,0.34,1,-0.05,-0.128205128
11/8/2010,0.243,2,-0.097,-0.285294118
11/9/2010,0.21,3,-0.033,-0.135802469
11/10/2010,0.24,4,0.03,0.142857143
11/11/2010,0.2231,5,-0.0169,-0.070416667
11/12/2010,0.2682,6,0.0451,0.202151502
11/13/2010,0.276,7,0.0078,0.029082774
11/14/2010,0.279,1,0.003,0.010869565
11/15/2010,0.2682,2,-0.0108,-0.038709677
11/16/2010,0.223,3,-0.0452,-0.168530947
11/17/2010,0.2299,4,0.0069,0.030941704
11/18/2010,0.2678,5,0.0379,0.164854284
11/19/2010,0.28,6,0.0122,0.045556385
11/20/2010,0.283,7,0.003,0.010714286
11/21/2010,0.2768,1,-0.0062,-0.021908127
11/22/2010,0.2879,2,0.0111,0.040101156
11/23/2010,0.283,3,-0.0049,-0.017019799
11/24/2010,0.283,4,0,0
11/25/2010,0.28,5,-0.003,-0.010600707
11/26/2010,0.2844,6,0.0044,0.015714286
11/27/2010,0.283,7,-0.0014,-0.004922644
11/28/2010,0.27,1,-0.013,-0.045936396
11/29/2010,0.2299,2,-0.0401,-0.148518519
11/30/2010,0.2082,3,-0.0217,-0.094388865
12/1/2010,0.2275,4,0.0193,0.092699328
12/2/2010,0.255,5,0.0275,0.120879121
12/3/2010,0.2511,6,-0.0039,-0.015294118
12/4/2010,0.205,7,-0.0461,-0.183592194
12/5/2010,0.19,1,-0.015,-0.073170732
12/6/2010,0.204,2,0.014,0.073684211
12/7/2010,0.233,3,0.029,0.142156863
12/8/2010,0.2388,4,0.0058,0.024892704
12/9/2010,0.2,5,-0.0388,-0.162479062
12/10/2010,0.204,6,0.004,0.02
12/11/2010,0.228,7,0.024,0.117647059
12/12/2010,0.22,1,-0.008,-0.035087719
12/13/2010,0.2299,2,0.0099,0.045
12/14/2010,0.2467,3,0.0168,0.07307525
12/15/2010,0.238,4,-0.0087,-0.035265505
12/16/2010,0.25,5,0.012,0.050420168
12/17/2010,0.24,6,-0.01,-0.04
12/18/2010,0.241,7,0.001,0.004166667
12/19/2010,0.2401,1,-0.0009,-0.00373444
12/20/2010,0.267,2,0.0269,0.112036651
12/21/2010,0.24,3,-0.027,-0.101123596
12/22/2010,0.25,4,0.01,0.041666667
12/23/2010,0.25,5,0,0
12/24/2010,0.248,6,-0.002,-0.008
12/25/2010,0.2499,7,0.0019,0.00766129
12/26/2010,0.265,1,0.0151,0.06042417
12/27/2010,0.265,2,0,0
12/28/2010,0.281,3,0.016,0.060377358
12/29/2010,0.3,4,0.019,0.067615658
12/30/2010,0.3,5,0,0
12/31/2010,0.3,6,0,0
1/1/2011,0.3,7,0,0
1/2/2011,0.3,1,0,0
1/3/2011,0.295,2,-0.005,-0.016666667
1/4/2011,0.299,3,0.004,0.013559322
1/5/2011,0.299,4,0,0
1/6/2011,0.298,5,-0.001,-0.003344482
1/7/2011,0.32,6,0.022,0.073825503
1/8/2011,0.3229,7,0.0029,0.0090625
1/9/2011,0.323,1,1E-04,0.000309693
1/10/2011,0.3266,2,0.0036,0.011145511
1/11/2011,0.3266,3,0,0
1/12/2011,0.3188,4,-0.0078,-0.023882425
1/13/2011,0.3176,5,-0.0012,-0.003764115
1/14/2011,0.4,6,0.0824,0.259445844
1/15/2011,0.386,7,-0.014,-0.035
1/16/2011,0.3868,1,0.0008,0.002072539
1/17/2011,0.3495,2,-0.0373,-0.096432265
1/18/2011,0.313,3,-0.0365,-0.104434907
1/19/2011,0.313,4,0,0
1/20/2011,0.39,5,0.077,0.24600639
1/21/2011,0.4199,6,0.0299,0.076666667
1/22/2011,0.4443,7,0.0244,0.058109074
1/23/2011,0.4424,1,-0.0019,-0.00427639
1/24/2011,0.4199,2,-0.0225,-0.050858951
1/25/2011,0.41,3,-0.0099,-0.023577042
1/26/2011,0.417,4,0.007,0.017073171
1/27/2011,0.4212,5,0.0042,0.010071942
1/28/2011,0.446,6,0.0248,0.058879392
1/29/2011,0.439,7,-0.007,-0.015695067
1/30/2011,0.4799,1,0.0409,0.093166287
1/31/2011,0.52,2,0.0401,0.083559075
2/1/2011,0.7,3,0.18,0.346153846
2/2/2011,0.716,4,0.016,0.022857143
2/3/2011,0.69,5,-0.026,-0.036312849
2/4/2011,0.811,6,0.121,0.175362319
2/5/2011,0.92,7,0.109,0.134401973
2/6/2011,0.8997,1,-0.0203,-0.022065217
2/7/2011,0.89,2,-0.0097,-0.010781372
2/8/2011,0.918,3,0.028,0.031460674
2/9/2011,1.09,4,0.172,0.187363834
2/10/2011,0.9803,5,-0.1097,-0.100642202
2/11/2011,1.07,6,0.0897,0.091502601
2/12/2011,1.0799,7,0.0099,0.009252336
2/13/2011,1.05,1,-0.0299,-0.027687749
2/14/2011,1.07,2,0.02,0.019047619
2/15/2011,1.05,3,-0.02,-0.018691589
2/16/2011,1.045,4,-0.005,-0.004761905
2/17/2011,1.04,5,-0.005,-0.004784689
2/18/2011,0.8989,6,-0.1411,-0.135673077
2/19/2011,0.949,7,0.0501,0.055734787
2/20/2011,0.85,1,-0.099,-0.104320337
2/21/2011,0.8345,2,-0.0155,-0.018235294
2/22/2011,0.8702,3,0.0357,0.042780108
2/23/2011,0.9,4,0.0298,0.034245001
2/24/2011,0.9974,5,0.0974,0.108222222
2/25/2011,0.9111,6,-0.0863,-0.086524965
2/26/2011,0.958,7,0.0469,0.051476238
2/27/2011,0.89,1,-0.068,-0.070981211
2/28/2011,0.86,2,-0.03,-0.033707865
3/1/2011,0.9202,3,0.0602,0.07
3/2/2011,0.9399,4,0.0197,0.021408389
3/3/2011,0.9391,5,-0.0008,-0.000851154
3/4/2011,0.901,6,-0.0381,-0.040570759
3/5/2011,0.9103,7,0.0093,0.010321865
3/6/2011,0.8999,1,-0.0104,-0.011424805
3/7/2011,0.885,2,-0.0149,-0.016557395
3/8/2011,0.87,3,-0.015,-0.016949153
3/9/2011,0.8645,4,-0.0055,-0.006321839
3/10/2011,0.9329,5,0.0684,0.079120879
3/11/2011,0.88,6,-0.0529,-0.056704899
3/12/2011,0.918,7,0.038,0.043181818
3/13/2011,0.8925,1,-0.0255,-0.027777778
3/14/2011,0.8949,2,0.0024,0.002689076
3/15/2011,0.87,3,-0.0249,-0.027824338
3/16/2011,0.86,4,-0.01,-0.011494253
3/17/2011,0.8254,5,-0.0346,-0.040232558
3/18/2011,0.8165,6,-0.0089,-0.010782651
3/19/2011,0.765,7,-0.0515,-0.063074097
3/20/2011,0.7411,1,-0.0239,-0.03124183
3/21/2011,0.759,2,0.0179,0.024153286
3/22/2011,0.809,3,0.05,0.065876153
3/23/2011,0.8497,4,0.0407,0.050309023
3/24/2011,0.8669,5,0.0172,0.020242439
3/25/2011,0.8838,6,0.0169,0.019494751
3/26/2011,0.8552,7,-0.0286,-0.032360263
3/27/2011,0.82,1,-0.0352,-0.041159963
3/28/2011,0.799,2,-0.021,-0.025609756
3/29/2011,0.7925,3,-0.0065,-0.008135169
3/30/2011,0.7897,4,-0.0028,-0.003533123
3/31/2011,0.7846,5,-0.0051,-0.006458149
4/1/2011,0.7741,6,-0.0105,-0.013382615
4/2/2011,0.782,7,0.0079,0.0102054
4/3/2011,0.779,1,-0.003,-0.003836317
4/4/2011,0.68,2,-0.099,-0.127086008
4/5/2011,0.71,3,0.03,0.044117647
4/6/2011,0.74,4,0.03,0.042253521
4/7/2011,0.7538,5,0.0138,0.018648649
4/8/2011,0.75,6,-0.0038,-0.005041125
4/9/2011,0.73,7,-0.02,-0.026666667
4/10/2011,0.7369,1,0.0069,0.009452055
4/11/2011,0.77,2,0.0331,0.044917899
4/12/2011,0.86,3,0.09,0.116883117
4/13/2011,0.9225,4,0.0625,0.072674419
4/14/2011,1,5,0.0775,0.08401084
4/15/2011,0.9899,6,-0.0101,-0.0101
4/16/2011,1.0499,7,0.06,0.060612183
4/17/2011,1.1123,1,0.0624,0.059434232
4/18/2011,1.162,2,0.0497,0.04468219
4/19/2011,1.1979,3,0.0359,0.030895009
4/20/2011,1.1421,4,-0.0558,-0.046581518
4/21/2011,1.21,5,0.0679,0.059451887
4/22/2011,1.409,6,0.199,0.16446281
4/23/2011,1.7001,7,0.2911,0.206600426
4/24/2011,1.6301,1,-0.07,-0.041174049
4/25/2011,1.559,2,-0.0711,-0.043616956
4/26/2011,1.7949,3,0.2359,0.151314945
4/27/2011,1.9,4,0.1051,0.058554794
4/28/2011,2.2106,5,0.3106,0.163473684
4/29/2011,2.88,6,0.6694,0.302813716
4/30/2011,3.5,7,0.62,0.215277778
5/1/2011,3.0331,1,-0.4669,-0.1334
5/2/2011,3.2,2,0.1669,0.055026211
5/3/2011,3.41,3,0.21,0.065625
5/4/2011,3.4061,4,-0.0039,-0.001143695
5/5/2011,3.333,5,-0.0731,-0.021461496
5/6/2011,3.45,6,0.117,0.03510351
5/7/2011,3.641,7,0.191,0.055362319
5/8/2011,3.8659,1,0.2249,0.061768745
5/9/2011,3.8,2,-0.0659,-0.017046483
5/10/2011,5.81,3,2.01,0.528947368
5/11/2011,5.5,4,-0.31,-0.053356282
5/12/2011,6.3002,5,0.8002,0.145490909
5/13/2011,8.198,6,1.8978,0.301228532
5/14/2011,7.1977,7,-1.0003,-0.122017565
5/15/2011,6.987,1,-0.2107,-0.02927324
5/16/2011,8.0339,2,1.0469,0.149835409
5/17/2011,7.19,3,-0.8439,-0.105042383
5/18/2011,6.88,4,-0.31,-0.043115438
5/19/2011,6.805,5,-0.075,-0.010901163
5/20/2011,5.5904,6,-1.2146,-0.178486407
5/21/2011,6.1197,7,0.5293,0.094680166
5/22/2011,6.6901,1,0.5704,0.093207183
5/23/2011,7.1499,2,0.4598,0.06872842
5/24/2011,7.42,3,0.2701,0.037776752
5/25/2011,8.3997,4,0.9797,0.13203504
5/26/2011,8.798,5,0.3983,0.04741836
5/27/2011,8.5002,6,-0.2978,-0.033848602
5/28/2011,8.3001,7,-0.2001,-0.023540623
5/29/2011,8.4299,1,0.1298,0.015638366
5/30/2011,8.8,2,0.3701,0.043903249
5/31/2011,8.741,3,-0.059,-0.006704545
6/1/2011,9.57,4,0.829,0.094840407
6/2/2011,10.6,5,1.03,0.107628004
6/3/2011,14.29,6,3.69,0.348113208
6/4/2011,18.89,7,4.6,0.321903429
6/5/2011,16.7,1,-2.19,-0.115934357
6/6/2011,18.5499,2,1.8499,0.110772455
6/7/2011,23.9234,3,5.3735,0.289678111
6/8/2011,29.6,4,5.6766,0.237282326
6/9/2011,28.919,5,-0.681,-0.023006757
6/10/2011,23.9497,6,-4.9693,-0.171835126
6/11/2011,14.6511,7,-9.2986,-0.388255385
6/12/2011,18.5464,1,3.8953,0.265870822
6/13/2011,19.84,2,1.2936,0.069749385
6/14/2011,19.28,3,-0.56,-0.028225806
6/15/2011,19.49,4,0.21,0.010892116
6/16/2011,17,5,-2.49,-0.127757825
6/17/2011,15.681,6,-1.319,-0.077588235
6/18/2011,16.89,7,1.209,0.077099675
6/19/2011,17.51,1,0.62,0.036708111
6/20/2011,17.51,2,0,0
6/21/2011,17.51,3,0,0
6/22/2011,17.51,4,0,0
6/23/2011,17.51,5,0,0
6/24/2011,17.51,6,0,0
6/25/2011,17.51,7,0,0
6/26/2011,16.45,1,-1.06,-0.060536836
6/27/2011,16.75,2,0.3,0.018237082
6/28/2011,16.9498,3,0.1998,0.011928358
6/29/2011,16.845,4,-0.1048,-0.006182964
6/30/2011,16.101,5,-0.744,-0.044167409
7/1/2011,15.397,6,-0.704,-0.043723992
7/2/2011,15.4,7,0.003,0.000194843
7/3/2011,15.4405,1,0.0405,0.00262987
7/4/2011,13.86,2,-1.5805,-0.102360675
7/5/2011,12.9069,3,-0.9531,-0.068766234
7/6/2011,14.7835,4,1.8766,0.145395099
7/7/2011,14.7761,5,-0.0074,-0.000500558
7/8/2011,14.314,6,-0.4621,-0.031273475
7/9/2011,14.38,7,0.066,0.00461087
7/10/2011,14.9,1,0.52,0.036161335
7/11/2011,14.2091,2,-0.6909,-0.046369128
7/12/2011,14.0094,3,-0.1997,-0.014054374
7/13/2011,13.951,4,-0.0584,-0.00416863
7/14/2011,13.99,5,0.039,0.002795499
7/15/2011,13.81,6,-0.18,-0.012866333
7/16/2011,13.7191,7,-0.0909,-0.006582187
7/17/2011,13.16,1,-0.5591,-0.040753402
7/18/2011,13.48,2,0.32,0.024316109
7/19/2011,13.8502,3,0.3702,0.027462908
7/20/2011,13.6894,4,-0.1608,-0.011609941
7/21/2011,13.61,5,-0.0794,-0.005800108
7/22/2011,13.6954,6,0.0854,0.006274798
7/23/2011,13.68,7,-0.0154,-0.001124465
7/24/2011,13.98,1,0.3,0.021929825
7/25/2011,14.0478,2,0.0678,0.004849785
7/26/2011,13.8821,3,-0.1657,-0.011795441
7/27/2011,13.9394,4,0.0573,0.004127618
7/28/2011,13.4901,5,-0.4493,-0.032232377
7/29/2011,13.4983,6,0.0082,0.000607853
7/30/2011,13.5303,7,0.032,0.002370669
7/31/2011,13.35,1,-0.1803,-0.013325647
8/1/2011,13.0946,2,-0.2554,-0.019131086
8/2/2011,12.05,3,-1.0446,-0.079773342
8/3/2011,9.26,4,-2.79,-0.23153527
8/4/2011,10.75,5,1.49,0.160907127
8/5/2011,9.7999,6,-0.9501,-0.088381395
8/6/2011,6.55,7,-3.2499,-0.331625833
8/7/2011,7.9,1,1.35,0.20610687
8/8/2011,7.7999,2,-0.1001,-0.012670886
8/9/2011,9.99,3,2.1901,0.280785651
8/10/2011,9.98,4,-0.01,-0.001001001
8/11/2011,9.4625,5,-0.5175,-0.051853707
8/12/2011,9.4605,6,-0.002,-0.000211361
8/13/2011,10.131,7,0.6705,0.070873632
8/14/2011,10.7957,1,0.6647,0.065610502
8/15/2011,11.1498,2,0.3541,0.032800096
8/16/2011,10.9641,3,-0.1857,-0.016655007
8/17/2011,10.9456,4,-0.0185,-0.001687325
8/18/2011,10.83,5,-0.1156,-0.010561321
8/19/2011,11.65,6,0.82,0.075715605
8/20/2011,11.453,7,-0.197,-0.016909871
8/21/2011,11.3113,1,-0.1417,-0.012372304
8/22/2011,10.895,2,-0.4163,-0.036803904
8/23/2011,10.94,3,0.045,0.004130335
8/24/2011,10.8506,4,-0.0894,-0.008171846
8/25/2011,9.657,5,-1.1936,-0.110003133
8/26/2011,8.1794,6,-1.4776,-0.153008181
8/27/2011,8.5902,7,0.4108,0.050223733
8/28/2011,9.0701,1,0.4799,0.055865987
8/29/2011,8.969,2,-0.1011,-0.011146514
8/30/2011,8.7913,3,-0.1777,-0.019812688
8/31/2011,8.1995,4,-0.5918,-0.067316552
9/1/2011,8.21,5,0.0105,0.001280566
9/2/2011,8.64,6,0.43,0.052375152
9/3/2011,8.48,7,-0.16,-0.018518519
9/4/2011,8.178,1,-0.302,-0.035613208
9/5/2011,7.611,2,-0.567,-0.069332355
9/6/2011,6.8628,3,-0.7482,-0.098305085
9/7/2011,7.1864,4,0.3236,0.047152766
9/8/2011,6.53,5,-0.6564,-0.091339196
9/9/2011,5.03,6,-1.5,-0.229709035
9/10/2011,4.7739,7,-0.2561,-0.050914513
9/11/2011,5.8644,1,1.0905,0.228429586
9/12/2011,6.078,2,0.2136,0.036423163
9/13/2011,5.8,3,-0.278,-0.04573873
9/14/2011,5.6193,4,-0.1807,-0.031155172
9/15/2011,4.84,5,-0.7793,-0.138682754
9/16/2011,4.82,6,-0.02,-0.004132231
9/17/2011,4.77,7,-0.05,-0.010373444
9/18/2011,5.2,1,0.43,0.090146751
9/19/2011,5.46,2,0.26,0.05
9/20/2011,6.1119,3,0.6519,0.119395604
9/21/2011,5.6114,4,-0.5005,-0.081889429
9/22/2011,5.4278,5,-0.1836,-0.032719108
9/23/2011,5.5451,6,0.1173,0.021610966
9/24/2011,5.4683,7,-0.0768,-0.013850066
9/25/2011,5.33,1,-0.1383,-0.025291224
9/26/2011,4.8697,2,-0.4603,-0.086360225
9/27/2011,4.9156,3,0.0459,0.009425632
9/28/2011,4.7725,4,-0.1431,-0.0291114
9/29/2011,4.7794,5,0.0069,0.001445783
9/30/2011,5.1401,6,0.3607,0.075469724
10/1/2011,5.0324,7,-0.1077,-0.0209529
10/2/2011,5.027,1,-0.0054,-0.001073047
10/3/2011,5.024,2,-0.003,-0.000596777
10/4/2011,4.96,3,-0.064,-0.012738854
10/5/2011,4.87,4,-0.09,-0.018145161
10/6/2011,4.7344,5,-0.1356,-0.027843943
10/7/2011,4.2728,6,-0.4616,-0.097499155
10/8/2011,4.0075,7,-0.2653,-0.062090433
10/9/2011,4.1029,1,0.0954,0.023805365
10/10/2011,4.1,2,-0.0029,-0.000706817
10/11/2011,3.9308,3,-0.1692,-0.041268293
10/12/2011,4.15,4,0.2192,0.05576473
10/13/2011,4.0462,5,-0.1038,-0.025012048
10/14/2011,3.9879,6,-0.0583,-0.014408581
10/15/2011,3.8421,7,-0.1458,-0.036560596
10/16/2011,3.557,1,-0.2851,-0.074204211
10/17/2011,2.56,2,-0.997,-0.280292381
10/18/2011,2.419,3,-0.141,-0.055078125
10/19/2011,2.27,4,-0.149,-0.061595701
10/20/2011,2.348,5,0.078,0.034361233
10/21/2011,2.57,6,0.222,0.094548552
10/22/2011,3.1588,7,0.5888,0.229105058
10/23/2011,3.17,1,0.0112,0.00354565
10/24/2011,2.545,2,-0.625,-0.197160883
10/25/2011,2.77,3,0.225,0.088408644
10/26/2011,2.773,4,0.003,0.001083032
10/27/2011,3.04,5,0.267,0.096285611
10/28/2011,3.19,6,0.15,0.049342105
10/29/2011,3.5811,7,0.3911,0.122601881
10/30/2011,3.27,1,-0.3111,-0.086872749
10/31/2011,3.248,2,-0.022,-0.006727829
11/1/2011,3.15,3,-0.098,-0.030172414
11/2/2011,3.2543,4,0.1043,0.033111111
11/3/2011,3.152,5,-0.1023,-0.031435332
11/4/2011,3.109,6,-0.043,-0.013642132
11/5/2011,2.97,7,-0.139,-0.04470891
11/6/2011,2.9596,1,-0.0104,-0.003501684
11/7/2011,3.0068,2,0.0472,0.015948101
11/8/2011,3.035,3,0.0282,0.009378742
11/9/2011,2.95,4,-0.085,-0.02800659
11/10/2011,2.8399,5,-0.1101,-0.037322034
11/11/2011,3.08,6,0.2401,0.08454523
11/12/2011,3.031,7,-0.049,-0.015909091
11/13/2011,2.9969,1,-0.0341,-0.011250412
11/14/2011,2.22,2,-0.7769,-0.259234542
11/15/2011,2.329,3,0.109,0.049099099
11/16/2011,2.5604,4,0.2314,0.099355947
11/17/2011,2.25,5,-0.3104,-0.121231058
11/18/2011,2.05,6,-0.2,-0.088888889
11/19/2011,2.1959,7,0.1459,0.071170732
11/20/2011,2.2,1,0.0041,0.001867116
11/21/2011,2.294,2,0.094,0.042727273
11/22/2011,2.3289,3,0.0349,0.015213601
11/23/2011,2.3321,4,0.0032,0.001374039
11/24/2011,2.4321,5,0.1,0.042879808
11/25/2011,2.5061,6,0.074,0.03042638
11/26/2011,2.47,7,-0.0361,-0.014404852
11/27/2011,2.4799,1,0.0099,0.004008097
11/28/2011,2.55,2,0.0701,0.028267269
11/29/2011,2.7502,3,0.2002,0.078509804
11/30/2011,2.9701,4,0.2199,0.079957821
12/1/2011,3.06,5,0.0899,0.030268341
12/2/2011,3.1151,6,0.0551,0.018006536
12/3/2011,2.794,7,-0.3211,-0.103078553
12/4/2011,2.8281,1,0.0341,0.012204724
12/5/2011,2.8798,2,0.0517,0.018280825
12/6/2011,3.03,3,0.1502,0.0521564
12/7/2011,2.99,4,-0.04,-0.01320132
12/8/2011,2.98,5,-0.01,-0.003344482
12/9/2011,2.97,6,-0.01,-0.003355705
12/10/2011,3.05,7,0.08,0.026936027
12/11/2011,3.2511,1,0.2011,0.065934426
12/12/2011,3.135,2,-0.1161,-0.03571099
12/13/2011,3.2499,3,0.1149,0.036650718
12/14/2011,3.15,4,-0.0999,-0.030739407
12/15/2011,3.2,5,0.05,0.015873016
12/16/2011,3.2,6,0,0
12/17/2011,3.2001,7,1E-04,3.125E-05
12/18/2011,3.193,1,-0.0071,-0.002218681
12/19/2011,3.5202,2,0.3272,0.102474162
12/20/2011,3.95,3,0.4298,0.122095335
12/21/2011,3.89,4,-0.06,-0.015189873
12/22/2011,3.8901,5,1E-04,2.57069E-05
12/23/2011,3.9468,6,0.0567,0.014575461
12/24/2011,3.94,7,-0.0068,-0.001722915
12/25/2011,4.225,1,0.285,0.072335025
12/26/2011,4.018,2,-0.207,-0.048994083
12/27/2011,4.07,3,0.052,0.012941762
12/28/2011,4.1855,4,0.1155,0.028378378
12/29/2011,4.166,5,-0.0195,-0.004658942
12/30/2011,4.248,6,0.082,0.019683149
12/31/2011,4.722,7,0.474,0.111581921
1/1/2012,5.2677,1,0.5457,0.115565438
1/2/2012,5.2168,2,-0.0509,-0.009662661
1/3/2012,4.8808,3,-0.336,-0.064407299
1/4/2012,5.5738,4,0.693,0.141984921
1/5/2012,6.9476,5,1.3738,0.246474577
1/6/2012,6.6969,6,-0.2507,-0.036084403
1/7/2012,6.81,7,0.1131,0.016888411
1/8/2012,7.1136,1,0.3036,0.044581498
1/9/2012,6.3257,2,-0.7879,-0.110759672
1/10/2012,6.36,3,0.0343,0.005422325
1/11/2012,6.9,4,0.54,0.08490566
1/12/2012,6.8,5,-0.1,-0.014492754
1/13/2012,6.41,6,-0.39,-0.057352941
1/14/2012,6.75,7,0.34,0.053042122
1/15/2012,7.0018,1,0.2518,0.037303704
1/16/2012,6.6825,2,-0.3193,-0.045602559
1/17/2012,5.6,3,-1.0825,-0.161990273
1/18/2012,5.92,4,0.32,0.057142857
1/19/2012,6.3598,5,0.4398,0.074290541
1/20/2012,6.4898,6,0.13,0.020440894
1/21/2012,6.18,7,-0.3098,-0.047736448
1/22/2012,6.3097,1,0.1297,0.020987055
1/23/2012,6.356,2,0.0463,0.007337908
1/24/2012,6.2898,3,-0.0662,-0.010415356
1/25/2012,5.75,4,-0.5398,-0.085821489
1/26/2012,5.34,5,-0.41,-0.071304348
1/27/2012,5.292,6,-0.048,-0.008988764
1/28/2012,5.6267,7,0.3347,0.06324641
1/29/2012,5.3809,1,-0.2458,-0.043684575
1/30/2012,5.4905,2,0.1096,0.02036834
1/31/2012,5.4838,3,-0.0067,-0.00122029
2/1/2012,6.0756,4,0.5918,0.107917867
2/2/2012,6.1,5,0.0244,0.004016064
2/3/2012,5.9593,6,-0.1407,-0.023065574
2/4/2012,5.8734,7,-0.0859,-0.014414445
2/5/2012,5.6888,1,-0.1846,-0.031429836
2/6/2012,5.4535,2,-0.2353,-0.041361974
2/7/2012,5.69,3,0.2365,0.043366645
2/8/2012,5.6,4,-0.09,-0.015817223
2/9/2012,5.83,5,0.23,0.041071429
2/10/2012,5.9126,6,0.0826,0.014168096
2/11/2012,5.6005,7,-0.3121,-0.052785577
2/12/2012,5.5147,1,-0.0858,-0.015320061
2/13/2012,5.26,2,-0.2547,-0.046185649
2/14/2012,4.4629,3,-0.7971,-0.151539924
2/15/2012,4.3251,4,-0.1378,-0.030876784
2/16/2012,4.2739,5,-0.0512,-0.011837877
2/17/2012,4.41,6,0.1361,0.031844451
2/18/2012,4.222,7,-0.188,-0.042630385
2/19/2012,4.3867,1,0.1647,0.039009948
2/20/2012,4.3615,2,-0.0252,-0.005744637
2/21/2012,4.272,3,-0.0895,-0.020520463
2/22/2012,4.4247,4,0.1527,0.035744382
2/23/2012,5.015,5,0.5903,0.133410175
2/24/2012,5.0288,6,0.0138,0.002751745
2/25/2012,4.773,7,-0.2558,-0.050867006
2/26/2012,4.922,1,0.149,0.031217264
2/27/2012,4.956,2,0.034,0.006907761
2/28/2012,4.868,3,-0.088,-0.017756255
2/29/2012,4.86,4,-0.008,-0.001643385
3/1/2012,4.9213,5,0.0613,0.012613169
3/2/2012,4.705,6,-0.2163,-0.043951801
3/3/2012,4.6144,7,-0.0906,-0.019256111
3/4/2012,4.82,1,0.2056,0.044556172
3/5/2012,4.9843,2,0.1643,0.034087137
3/6/2012,4.9901,3,0.0058,0.001163654
3/7/2012,4.9375,4,-0.0526,-0.010540871
3/8/2012,4.9302,5,-0.0073,-0.001478481
3/9/2012,4.8611,6,-0.0691,-0.014015659
3/10/2012,4.8332,7,-0.0279,-0.005739442
3/11/2012,4.91,1,0.0768,0.015890094
3/12/2012,4.8901,2,-0.0199,-0.004052953
3/13/2012,5.27,3,0.3799,0.077687573
3/14/2012,5.38,4,0.11,0.020872865
3/15/2012,5.3266,5,-0.0534,-0.009925651
3/16/2012,5.3439,6,0.0173,0.00324785
3/17/2012,5.2159,7,-0.128,-0.023952544
3/18/2012,5.2794,1,0.0635,0.012174313
3/19/2012,4.6939,2,-0.5855,-0.110902754
3/20/2012,4.8379,3,0.144,0.030678114
3/21/2012,4.8149,4,-0.023,-0.004754129
3/22/2012,4.7043,5,-0.1106,-0.022970363
3/23/2012,4.686,6,-0.0183,-0.003890058
3/24/2012,4.676,7,-0.01,-0.002134016
3/25/2012,4.55,1,-0.126,-0.026946108
3/26/2012,4.6191,2,0.0691,0.015186813
3/27/2012,4.8113,3,0.1922,0.041609837
3/28/2012,4.788,4,-0.0233,-0.004842766
3/29/2012,4.8084,5,0.0204,0.004260652
3/30/2012,4.86,6,0.0516,0.01073122
3/31/2012,4.9087,7,0.0487,0.010020576
4/1/2012,4.827,1,-0.0817,-0.016643918
4/2/2012,4.974,2,0.147,0.030453698
4/3/2012,4.952,3,-0.022,-0.004423
4/4/2012,4.9101,4,-0.0419,-0.008461228
4/5/2012,4.919,5,0.0089,0.00181259
4/6/2012,4.9499,6,0.0309,0.006281765
4/7/2012,4.6872,7,-0.2627,-0.053071779
4/8/2012,4.7925,1,0.1053,0.022465438
4/9/2012,4.8719,2,0.0794,0.016567553
4/10/2012,4.8367,3,-0.0352,-0.007225107
4/11/2012,4.9279,4,0.0912,0.018855831
4/12/2012,4.9197,5,-0.0082,-0.001663995
4/13/2012,4.94,6,0.0203,0.004126268
4/14/2012,4.9597,7,0.0197,0.003987854
4/15/2012,4.9689,1,0.0092,0.001854951
4/16/2012,4.932,2,-0.0369,-0.007426191
4/17/2012,4.9759,3,0.0439,0.008901054
4/18/2012,5.1178,4,0.1419,0.028517454
4/19/2012,5.1377,5,0.0199,0.00388839
4/20/2012,5.35,6,0.2123,0.041321992
4/21/2012,5.2601,7,-0.0899,-0.016803738
4/22/2012,5.2035,1,-0.0566,-0.010760252
4/23/2012,4.96,2,-0.2435,-0.046795426
4/24/2012,5.0982,3,0.1382,0.027862903
4/25/2012,5.1318,4,0.0336,0.006590561
4/26/2012,5.0976,5,-0.0342,-0.006664328
4/27/2012,5.1095,6,0.0119,0.002334432
4/28/2012,4.9794,7,-0.1301,-0.025462374
4/29/2012,4.9044,1,-0.075,-0.015062056
4/30/2012,4.9491,2,0.0447,0.009114265
5/1/2012,5,3,0.0509,0.010284698
5/2/2012,5.0737,4,0.0737,0.01474
5/3/2012,5.1344,5,0.0607,0.011963656
5/4/2012,5.067,6,-0.0674,-0.013127142
5/5/2012,5.077,7,0.01,0.001973554
5/6/2012,5.0499,1,-0.0271,-0.005337798
5/7/2012,5.06,2,0.0101,0.00200004
5/8/2012,5.05,3,-0.01,-0.001976285
5/9/2012,5.0437,4,-0.0063,-0.001247525
5/10/2012,4.85,5,-0.1937,-0.038404346
5/11/2012,4.96,6,0.11,0.022680412
5/12/2012,4.9462,7,-0.0138,-0.002782258
5/13/2012,4.93,1,-0.0162,-0.003275242
5/14/2012,5.0059,2,0.0759,0.015395538
5/15/2012,5.035,3,0.0291,0.00581314
5/16/2012,5.0887,4,0.0537,0.010665343
5/17/2012,5.0998,5,0.0111,0.002181304
5/18/2012,5.118,6,0.0182,0.003568767
5/19/2012,5.0995,7,-0.0185,-0.003614693
5/20/2012,5.09,1,-0.0095,-0.001862928
5/21/2012,5.0998,2,0.0098,0.001925344
5/22/2012,5.0988,3,-0.001,-0.000196086
5/23/2012,5.1397,4,0.0409,0.008021495
5/24/2012,5.119,5,-0.0207,-0.004027472
5/25/2012,5.1455,6,0.0265,0.005176792
5/26/2012,5.1032,7,-0.0423,-0.008220775
5/27/2012,5.139,1,0.0358,0.007015206
5/28/2012,5.1358,2,-0.0032,-0.000622689
5/29/2012,5.15,3,0.0142,0.002764905
5/30/2012,5.135,4,-0.015,-0.002912621
5/31/2012,5.1801,5,0.0451,0.008782863
6/1/2012,5.2748,6,0.0947,0.0182815
6/2/2012,5.249,7,-0.0258,-0.004891181
6/3/2012,5.2051,1,-0.0439,-0.008363498
6/4/2012,5.266,2,0.0609,0.011700063
6/5/2012,5.44,3,0.174,0.033042157
6/6/2012,5.46,4,0.02,0.003676471
6/7/2012,5.591,5,0.131,0.023992674
6/8/2012,5.633,6,0.042,0.007512073
6/9/2012,5.56,7,-0.073,-0.012959347
6/10/2012,5.4683,1,-0.0917,-0.016492806
6/11/2012,5.5747,2,0.1064,0.019457601
6/12/2012,5.7,3,0.1253,0.022476546
6/13/2012,5.929,4,0.229,0.040175439
6/14/2012,5.9541,5,0.0251,0.004233429
6/15/2012,6.5,6,0.5459,0.091684721
6/16/2012,6.4,7,-0.1,-0.015384615
6/17/2012,6.1638,1,-0.2362,-0.03690625
6/18/2012,6.31,2,0.1462,0.023719134
6/19/2012,6.4988,3,0.1888,0.029920761
6/20/2012,6.67,4,0.1712,0.026343325
6/21/2012,6.6801,5,0.0101,0.001514243
6/22/2012,6.5478,6,-0.1323,-0.019805093
6/23/2012,6.4285,7,-0.1193,-0.01821986
6/24/2012,6.35,1,-0.0785,-0.012211247
6/25/2012,6.3048,2,-0.0452,-0.00711811
6/26/2012,6.4195,3,0.1147,0.018192488
6/27/2012,6.647,4,0.2275,0.035438897
6/28/2012,6.6059,5,-0.0411,-0.006183241
6/29/2012,6.65,6,0.0441,0.00667585
6/30/2012,6.69,7,0.04,0.006015038
7/1/2012,6.629,1,-0.061,-0.009118087
7/2/2012,6.76,2,0.131,0.019761653
7/3/2012,6.4499,3,-0.3101,-0.045872781
7/4/2012,6.5101,4,0.0602,0.009333478
7/5/2012,6.67,5,0.1599,0.024561835
7/6/2012,6.6481,6,-0.0219,-0.003283358
7/7/2012,6.7621,7,0.114,0.017147757
7/8/2012,6.799,1,0.0369,0.005456885
7/9/2012,7.0215,2,0.2225,0.032725401
7/10/2012,7.1999,3,0.1784,0.025407676
7/11/2012,7.15,4,-0.0499,-0.006930652
7/12/2012,7.7644,5,0.6144,0.08593007
7/13/2012,7.6651,6,-0.0993,-0.01278914
7/14/2012,7.5421,7,-0.123,-0.016046757
7/15/2012,7.621,1,0.0789,0.010461277
7/16/2012,8.4996,2,0.8786,0.115286708
7/17/2012,8.8,3,0.3004,0.03534284
7/18/2012,9.1098,4,0.3098,0.035204545
7/19/2012,8.87,5,-0.2398,-0.0263233
7/20/2012,8.52,6,-0.35,-0.03945885
7/21/2012,8.8455,7,0.3255,0.038204225
7/22/2012,8.4096,1,-0.4359,-0.049279295
7/23/2012,8.4457,2,0.0361,0.004292713
7/24/2012,8.6,3,0.1543,0.018269652
7/25/2012,8.8,4,0.2,0.023255814
7/26/2012,8.9,5,0.1,0.011363636
7/27/2012,8.9,6,0,0
7/28/2012,8.8881,7,-0.0119,-0.001337079
7/29/2012,8.7103,1,-0.1778,-0.020004275
7/30/2012,9.098,2,0.3877,0.044510522
7/31/2012,9.35,3,0.252,0.027698395
8/1/2012,9.5503,4,0.2003,0.02142246
8/2/2012,10.53,5,0.9797,0.102583165
8/3/2012,10.97,6,0.44,0.041785375
8/4/2012,10.984,7,0.014,0.001276208
8/5/2012,10.87,1,-0.114,-0.010378733
8/6/2012,10.8552,2,-0.0148,-0.001361546
8/7/2012,11.1,3,0.2448,0.022551404
8/8/2012,11.0553,4,-0.0447,-0.004027027
8/9/2012,11.0611,5,0.0058,0.000524635
8/10/2012,11.3864,6,0.3253,0.029409372
8/11/2012,11.5102,7,0.1238,0.01087262
8/12/2012,11.624,1,0.1138,0.009886883
8/13/2012,12.0375,2,0.4135,0.035572953
8/14/2012,12.19,3,0.1525,0.012668744
8/15/2012,13.25,4,1.06,0.086956522
8/16/2012,13.5,5,0.25,0.018867925
8/17/2012,11.5836,6,-1.9164,-0.141955556
8/18/2012,11.61,7,0.0264,0.002279084
8/19/2012,8,1,-3.61,-0.310938846
8/20/2012,10.1,2,2.1,0.2625
8/21/2012,9.915,3,-0.185,-0.018316832
8/22/2012,9.8068,4,-0.1082,-0.010912758
8/23/2012,10.1,5,0.2932,0.029897622
8/24/2012,10.6,6,0.5,0.04950495
8/25/2012,10.5239,7,-0.0761,-0.007179245
8/26/2012,10.61,1,0.0861,0.008181378
8/27/2012,10.95,2,0.34,0.03204524
8/28/2012,10.94,3,-0.01,-0.000913242
8/29/2012,10.9169,4,-0.0231,-0.002111517
8/30/2012,10.777,5,-0.1399,-0.012814993
8/31/2012,10.16,6,-0.617,-0.057251554
9/1/2012,9.9654,7,-0.1946,-0.019153543
9/2/2012,10.2041,1,0.2387,0.023952877
9/3/2012,10.53,2,0.3259,0.031938143
9/4/2012,10.3847,3,-0.1453,-0.01379867
9/5/2012,10.9997,4,0.615,0.05922174
9/6/2012,11.181,5,0.1813,0.016482268
9/7/2012,11,6,-0.181,-0.016188176
9/8/2012,11.037,7,0.037,0.003363636
9/9/2012,11.02,1,-0.017,-0.001540274
9/10/2012,11.17,2,0.15,0.013611615
9/11/2012,11.3308,3,0.1608,0.014395703
9/12/2012,11.3649,4,0.0341,0.003009496
9/13/2012,11.399,5,0.0341,0.003000466
9/14/2012,11.67,6,0.271,0.023774015
9/15/2012,11.75,7,0.08,0.006855184
9/16/2012,11.87,1,0.12,0.010212766
9/17/2012,11.89,2,0.02,0.00168492
9/18/2012,12.25,3,0.36,0.030277544
9/19/2012,12.5725,4,0.3225,0.026326531
9/20/2012,12.2825,5,-0.29,-0.023066216
9/21/2012,12.368,6,0.0855,0.006961124
9/22/2012,12.2378,7,-0.1302,-0.010527167
9/23/2012,12.1933,1,-0.0445,-0.003636274
9/24/2012,12.1,2,-0.0933,-0.007651743
9/25/2012,12.197,3,0.097,0.008016529
9/26/2012,12.27,4,0.073,0.005985078
9/27/2012,12.3089,5,0.0389,0.003170334
9/28/2012,12.391,6,0.0821,0.006669971
9/29/2012,12.3631,7,-0.0279,-0.002251634
9/30/2012,12.4,1,0.0369,0.002984688
10/1/2012,12.4,2,0,0
10/2/2012,12.84,3,0.44,0.035483871
10/3/2012,12.89,4,0.05,0.003894081
10/4/2012,12.85,5,-0.04,-0.003103181
10/5/2012,12.688,6,-0.162,-0.012607004
10/6/2012,12.505,7,-0.183,-0.014423077
10/7/2012,11.8,1,-0.705,-0.056377449
10/8/2012,11.7781,2,-0.0219,-0.001855932
10/9/2012,11.895,3,0.1169,0.0099252
10/10/2012,12.12,4,0.225,0.018915511
10/11/2012,12.03,5,-0.09,-0.007425743
10/12/2012,12,6,-0.03,-0.002493766
10/13/2012,11.861,7,-0.139,-0.011583333
10/14/2012,11.7389,1,-0.1221,-0.010294242
10/15/2012,11.8381,2,0.0992,0.008450536
10/16/2012,11.8499,3,0.0118,0.000996782
10/17/2012,11.81,4,-0.0399,-0.003367117
10/18/2012,11.9398,5,0.1298,0.010990686
10/19/2012,11.7401,6,-0.1997,-0.016725573
10/20/2012,11.7399,7,-0.0002,-1.70356E-05
10/21/2012,11.6311,1,-0.1088,-0.009267541
10/22/2012,11.7101,2,0.079,0.006792135
10/23/2012,11.65,3,-0.0601,-0.005132322
10/24/2012,11.65,4,0,0
10/25/2012,10.8616,5,-0.7884,-0.06767382
10/26/2012,10.1706,6,-0.691,-0.06361862
10/27/2012,10.2605,7,0.0899,0.008839203
10/28/2012,10.7,1,0.4395,0.04283417
10/29/2012,10.6,2,-0.1,-0.009345794
10/30/2012,10.8875,3,0.2875,0.027122642
10/31/2012,11.201,4,0.3135,0.028794489
11/1/2012,10.57,5,-0.631,-0.056334256
11/2/2012,10.4688,6,-0.1012,-0.009574267
11/3/2012,10.6425,7,0.1737,0.01659216
11/4/2012,10.8001,1,0.1576,0.014808551
11/5/2012,10.748,2,-0.0521,-0.004824029
11/6/2012,10.899,3,0.151,0.014049125
11/7/2012,10.92,4,0.021,0.001926782
11/8/2012,10.925,5,0.005,0.000457875
11/9/2012,10.815,6,-0.11,-0.01006865
11/10/2012,10.89,7,0.075,0.006934813
11/11/2012,10.8687,1,-0.0213,-0.001955923
11/12/2012,11.008,2,0.1393,0.01281662
11/13/2012,10.9512,3,-0.0568,-0.005159884
11/14/2012,10.95,4,-0.0012,-0.000109577
11/15/2012,11.1977,5,0.2477,0.022621005
11/16/2012,11.7489,6,0.5512,0.049224394
11/17/2012,11.7889,7,0.04,0.003404574
11/18/2012,11.6515,1,-0.1374,-0.011655031
11/19/2012,11.7999,2,0.1484,0.012736558
11/20/2012,11.7328,3,-0.0671,-0.005686489
11/21/2012,11.77,4,0.0372,0.003170599
11/22/2012,12.4219,5,0.6519,0.055386576
11/23/2012,12.345,6,-0.0769,-0.006190679
11/24/2012,12.4115,7,0.0665,0.005386796
11/25/2012,12.4821,1,0.0706,0.005688273
11/26/2012,12.2455,2,-0.2366,-0.018955144
11/27/2012,12.2,3,-0.0455,-0.003715651
11/28/2012,12.3477,4,0.1477,0.012106557
11/29/2012,12.45,5,0.1023,0.008284944
11/30/2012,12.565,6,0.115,0.009236948
12/1/2012,12.562,7,-0.003,-0.000238758
12/2/2012,12.5,1,-0.062,-0.00493552
12/3/2012,12.679,2,0.179,0.01432
12/4/2012,13.41,3,0.731,0.057654389
12/5/2012,13.38,4,-0.03,-0.002237136
12/6/2012,13.299,5,-0.081,-0.006053812
12/7/2012,13.4999,6,0.2009,0.015106399
12/8/2012,13.4201,7,-0.0798,-0.005911155
12/9/2012,13.388,1,-0.0321,-0.002391934
12/10/2012,13.4334,2,0.0454,0.003391097
12/11/2012,13.557,3,0.1236,0.009200947
12/12/2012,13.6989,4,0.1419,0.010466917
12/13/2012,13.7001,5,0.0012,8.75983E-05
12/14/2012,13.6,6,-0.1001,-0.007306516
12/15/2012,13.4901,7,-0.1099,-0.008080882
12/16/2012,13.3,1,-0.1901,-0.014091815
12/17/2012,13.2501,2,-0.0499,-0.00375188
12/18/2012,13.299,3,0.0489,0.003690538
12/19/2012,13.599,4,0.3,0.022558087
12/20/2012,13.5246,5,-0.0744,-0.005470991
12/21/2012,13.5,6,-0.0246,-0.001818908
12/22/2012,13.3714,7,-0.1286,-0.009525926
12/23/2012,13.312,1,-0.0594,-0.004442317
12/24/2012,13.38,2,0.068,0.005108173
12/25/2012,13.35,3,-0.03,-0.002242152
12/26/2012,13.4679,4,0.1179,0.008831461
12/27/2012,13.4217,5,-0.0462,-0.003430379
12/28/2012,13.4212,6,-0.0005,-3.72531E-05
12/29/2012,13.4,7,-0.0212,-0.00157959
12/30/2012,13.45,1,0.05,0.003731343
12/31/2012,13.51,2,0.06,0.004460967
1/1/2013,13.3041,3,-0.2059,-0.015240563
1/2/2013,13.28,4,-0.0241,-0.001811472
1/3/2013,13.3979,5,0.1179,0.008878012
1/4/2013,13.5,6,0.1021,0.007620597
1/5/2013,13.44,7,-0.06,-0.004444444
1/6/2013,13.454,1,0.014,0.001041667
1/7/2013,13.5876,2,0.1336,0.009930132
1/8/2013,13.7428,3,0.1552,0.011422179
1/9/2013,13.77,4,0.0272,0.001979218
1/10/2013,14.14,5,0.37,0.026870007
1/11/2013,14.137,6,-0.003,-0.000212164
1/12/2013,14.237,7,0.1,0.007073637
1/13/2013,14.116,1,-0.121,-0.008498982
1/14/2013,14.3,2,0.184,0.013034854
1/15/2013,14.25,3,-0.05,-0.003496503
1/16/2013,14.73,4,0.48,0.033684211
1/17/2013,15.5,5,0.77,0.05227427
1/18/2013,15.705,6,0.205,0.013225806
1/19/2013,15.615,7,-0.09,-0.005730659
1/20/2013,15.7,1,0.085,0.005443484
1/21/2013,16.8,2,1.1,0.070063694
1/22/2013,17.2614,3,0.4614,0.027464286
1/23/2013,17.5,4,0.2386,0.013822749
1/24/2013,16.896,5,-0.604,-0.034514286
1/25/2013,17.4,6,0.504,0.029829545
1/26/2013,17.88,7,0.48,0.027586207
1/27/2013,17.8182,1,-0.0618,-0.003456376
1/28/2013,18.721,2,0.9028,0.050667295
1/29/2013,19.5254,3,0.8044,0.04296779
1/30/2013,19.7,4,0.1746,0.008942198
1/31/2013,20.41,5,0.71,0.036040609
2/1/2013,20.499,6,0.089,0.004360608
2/2/2013,19.63,7,-0.869,-0.042392312
2/3/2013,20.59,1,0.96,0.048904738
2/4/2013,20.4301,2,-0.1599,-0.007765906
2/5/2013,20.6,3,0.1699,0.008316161
2/6/2013,21.18,4,0.58,0.02815534
2/7/2013,22.15,5,0.97,0.045797923
2/8/2013,22.66,6,0.51,0.023024831
2/9/2013,23.65,7,0.99,0.04368932
2/10/2013,23.9698,1,0.3198,0.013522199
2/11/2013,24.65,2,0.6802,0.028377375
2/12/2013,25.1698,3,0.5198,0.021087221
2/13/2013,24.2,4,-0.9698,-0.038530302
2/14/2013,27.2205,5,3.0205,0.12481405
2/15/2013,27.1,6,-0.1205,-0.004426811
2/16/2013,27.2158,7,0.1158,0.004273063
2/17/2013,26.8146,1,-0.4012,-0.014741437
2/18/2013,26.95,2,0.1354,0.005049488
2/19/2013,29.4176,3,2.4676,0.091562152
2/20/2013,29.645,4,0.2274,0.007730066
2/21/2013,29.7477,5,0.1027,0.003464328
2/22/2013,30.2454,6,0.4977,0.016730705
2/23/2013,29.8,7,-0.4454,-0.014726206
2/24/2013,29.89,1,0.09,0.003020134
2/25/2013,30.4,2,0.51,0.017062563
2/26/2013,31.1,3,0.7,0.023026316
2/27/2013,30.9012,4,-0.1988,-0.006392283
2/28/2013,33.38,5,2.4788,0.08021695
3/1/2013,34.5,6,1.12,0.033553026
3/2/2013,34.25,7,-0.25,-0.007246377
3/3/2013,34.5,1,0.25,0.00729927
3/4/2013,36.152,2,1.652,0.047884058
3/5/2013,40.33,3,4.178,0.115567603
3/6/2013,41.0201,4,0.6901,0.017111332
3/7/2013,42,5,0.9799,0.023888289
3/8/2013,44.18,6,2.18,0.051904762
3/9/2013,46.85,7,2.67,0.060434586
3/10/2013,46,1,-0.85,-0.01814301
3/11/2013,48.4,2,2.4,0.052173913
3/12/2013,44.2899,3,-4.1101,-0.084919421
3/13/2013,46.92,4,2.6301,0.059383742
3/14/2013,47.1696,5,0.2496,0.005319693
3/15/2013,46.95,6,-0.2196,-0.004655541
3/16/2013,47.0002,7,0.0502,0.001069223
3/17/2013,47.4,1,0.3998,0.008506347
3/18/2013,51.6,2,4.2,0.088607595
3/19/2013,59.14,3,7.54,0.146124031
3/20/2013,64.4888,4,5.3488,0.090443017
3/21/2013,70.85,5,6.3612,0.098640384
3/22/2013,69.865,6,-0.985,-0.013902611
3/23/2013,64.35,7,-5.515,-0.078937952
3/24/2013,71.5,1,7.15,0.111111111
3/25/2013,73.6,2,2.1,0.029370629
3/26/2013,78.5,3,4.9,0.066576087
3/27/2013,88.92,4,10.42,0.132738854
3/28/2013,86.18,5,-2.74,-0.030814215
3/29/2013,90.5,6,4.32,0.05012764
3/30/2013,92.19,7,1.69,0.018674033
3/31/2013,93.03,1,0.84,0.009111617
4/1/2013,104,2,10.97,0.117918951
4/2/2013,117.98,3,13.98,0.134423077
4/3/2013,135,4,17.02,0.144261739
4/4/2013,132.12,5,-2.88,-0.021333333
4/5/2013,142.3236,6,10.2036,0.077229791
4/6/2013,142.6311,7,0.3075,0.002160569
4/7/2013,162.301,1,19.6699,0.137907511
4/8/2013,187.5,2,25.199,0.155260904
4/9/2013,230,3,42.5,0.226666667
4/10/2013,165,4,-65,-0.282608696
4/11/2013,124.9,5,-40.1,-0.243030303
4/12/2013,117,6,-7.9,-0.0632506
4/13/2013,93,7,-24,-0.205128205
4/14/2013,90,1,-3,-0.032258065
4/15/2013,82.386,2,-7.614,-0.0846
4/16/2013,68.3557,3,-14.0303,-0.170299565
4/17/2013,93.07,4,24.7143,0.36155434
4/18/2013,109.01,5,15.94,0.171268937
4/19/2013,118.48,6,9.47,0.086872764
4/20/2013,126.6155,7,8.1355,0.068665598
4/21/2013,119.2,1,-7.4155,-0.058567079
4/22/2013,127.4,2,8.2,0.068791946
4/23/2013,143.475,3,16.075,0.126177394
4/24/2013,154.2,4,10.725,0.074751699
4/25/2013,141.71,5,-12.49,-0.080998703
4/26/2013,136.9,6,-4.81,-0.033942559
4/27/2013,128.0001,7,-8.8999,-0.065010226
4/28/2013,134.4444,1,6.4443,0.050346054
4/29/2013,143.9999,2,9.5555,0.07107399
4/30/2013,139.2269,3,-4.773,-0.033145856
5/1/2013,116.38,4,-22.8469,-0.164098317
5/2/2013,106.25,5,-10.13,-0.087042447
5/3/2013,98.1,6,-8.15,-0.076705882
5/4/2013,112.9,7,14.8,0.150866463
5/5/2013,115.98,1,3.08,0.027280779
5/6/2013,112.25,2,-3.73,-0.032160717
5/7/2013,109.6001,3,-2.6499,-0.023607127
5/8/2013,113.2,4,3.5999,0.032845773
5/9/2013,112.799,5,-0.401,-0.003542403
5/10/2013,117.7,6,4.901,0.043448967
5/11/2013,115.64,7,-2.06,-0.017502124
5/12/2013,114.82,1,-0.82,-0.007090972
5/13/2013,117.9797,2,3.1597,0.027518725
5/14/2013,111.4,3,-6.5797,-0.055769764
5/15/2013,114.22,4,2.82,0.025314183
5/16/2013,118.21,5,3.99,0.034932586
5/17/2013,123.5,6,5.29,0.044750867
5/18/2013,123.211,7,-0.289,-0.002340081
5/19/2013,122.5,1,-0.711,-0.005770589
5/20/2013,122.02,2,-0.48,-0.003918367
5/21/2013,122.89,3,0.87,0.007129979
5/22/2013,123.8,4,0.91,0.007404996
5/23/2013,126.3,5,2.5,0.020193861
5/24/2013,133.1,6,6.8,0.053840063
5/25/2013,131.986,7,-1.114,-0.008369647
5/26/2013,133.5,1,1.514,0.011470914
5/27/2013,129.77,2,-3.73,-0.027940075
5/28/2013,129,3,-0.77,-0.005933575
5/29/2013,132.25,4,3.25,0.025193798
5/30/2013,128.799,5,-3.451,-0.026094518
5/31/2013,128.8151,6,0.0161,0.000125001
6/1/2013,129.3,7,0.4849,0.00376431
6/2/2013,122.5,1,-6.8,-0.052590874
6/3/2013,120.7372,2,-1.7628,-0.014390204
6/4/2013,121.4,3,0.6628,0.005489609
6/5/2013,121.9,4,0.5,0.004118616
6/6/2013,118.9699,5,-2.9301,-0.024036916
6/7/2013,111,6,-7.9699,-0.066990894
6/8/2013,107.8924,7,-3.1076,-0.027996396
6/9/2013,100.4374,1,-7.455,-0.069096618
6/10/2013,106.35,2,5.9126,0.058868509
6/11/2013,109,3,2.65,0.024917724
6/12/2013,108.7759,4,-0.2241,-0.002055963
6/13/2013,103.949,5,-4.8269,-0.044374719
6/14/2013,100,6,-3.949,-0.037989783
6/15/2013,99.8,7,-0.2,-0.002
6/16/2013,99.9,1,0.1,0.001002004
6/17/2013,101.95,2,2.05,0.020520521
6/18/2013,107.35,3,5.4,0.052967141
6/19/2013,108.251,4,0.901,0.008393107
6/20/2013,111.29,5,3.039,0.028073644
6/21/2013,109.5,6,-1.79,-0.016084105
6/22/2013,108.2,7,-1.3,-0.011872146
6/23/2013,107.9,1,-0.3,-0.002772643
6/24/2013,102.09,2,-5.81,-0.053846154
6/25/2013,103.3293,3,1.2393,0.012139289
6/26/2013,104,4,0.6707,0.006490899
6/27/2013,101.7368,5,-2.2632,-0.021761538
6/28/2013,94.66,6,-7.0768,-0.069559884
6/29/2013,94.999,7,0.339,0.003581238
6/30/2013,97.51,1,2.511,0.026431857
7/1/2013,84.6069,2,-12.9031,-0.132325915
7/2/2013,87.6562,3,3.0493,0.036040796
7/3/2013,76.8901,4,-10.7661,-0.122821888
7/4/2013,77.685,5,0.7949,0.010338132
7/5/2013,66.34,6,-11.345,-0.146038489
7/6/2013,66.855,7,0.515,0.007763039
7/7/2013,72.5053,1,5.6503,0.084515743
7/8/2013,74.56,2,2.0547,0.028338618
7/9/2013,74.225,3,-0.335,-0.004493026
7/10/2013,84.515,4,10.29,0.138632536
7/11/2013,91.22,5,6.705,0.079335029
7/12/2013,88.465,6,-2.755,-0.03020171
7/13/2013,91.3888,7,2.9238,0.033050359
7/14/2013,90.3713,1,-1.0175,-0.011133749
7/15/2013,93.14,2,2.7687,0.030636939
7/16/2013,92.7415,3,-0.3985,-0.004278505
7/17/2013,90.5425,4,-2.199,-0.023711068
7/18/2013,85.4298,5,-5.1127,-0.056467405
7/19/2013,85.7775,6,0.3477,0.004070008
7/20/2013,85.6675,7,-0.11,-0.001282388
7/21/2013,85.4725,1,-0.195,-0.002276242
7/22/2013,86.0862,2,0.6137,0.007180087
7/23/2013,86.9389,3,0.8527,0.009905188
7/24/2013,87.4575,4,0.5186,0.005965109
7/25/2013,89.41,5,1.9525,0.022325129
7/26/2013,90.6325,6,1.2225,0.013672967
7/27/2013,89.0975,7,-1.535,-0.016936529
7/28/2013,92.1,1,3.0025,0.033699038
7/29/2013,93.2981,2,1.1981,0.013008686
7/30/2013,96.31,3,3.0119,0.032282544
7/31/2013,97.915,4,1.605,0.016664936
8/1/2013,96.4175,5,-1.4975,-0.015293877
8/2/2013,97.24,6,0.8225,0.008530609
8/3/2013,96.66,7,-0.58,-0.005964624
8/4/2013,96.6,1,-0.06,-0.000620732
8/5/2013,96.92,2,0.32,0.003312629
8/6/2013,97.1331,3,0.2131,0.002198721
8/7/2013,96.92,4,-0.2131,-0.002193897
8/8/2013,94.775,5,-2.145,-0.022131655
8/9/2013,93.36,6,-1.415,-0.014930098
8/10/2013,93.2875,7,-0.0725,-0.000776564
8/11/2013,94.1625,1,0.875,0.009379606
8/12/2013,95.085,2,0.9225,0.009796894
8/13/2013,97.9021,3,2.8171,0.029627176
8/14/2013,97.96,4,0.0579,0.000591407
8/15/2013,97.545,5,-0.415,-0.004236423
8/16/2013,98.33,6,0.785,0.008047568
8/17/2013,99.565,7,1.235,0.012559748
8/18/2013,98.845,1,-0.72,-0.007231457
8/19/2013,102.2997,2,3.4547,0.03495068
8/20/2013,105.0125,3,2.7128,0.026518162
8/21/2013,111.445,4,6.4325,0.061254613
8/22/2013,109.73,5,-1.715,-0.015388757
8/23/2013,107.5475,6,-2.1825,-0.019889729
8/24/2013,108.6875,7,1.14,0.010599967
8/25/2013,111.795,1,3.1075,0.028591144
8/26/2013,112.23,2,0.435,0.003891051
8/27/2013,117.4461,3,5.2161,0.046476878
8/28/2013,117.59,4,0.1439,0.001225243
8/29/2013,117.5227,5,-0.0673,-0.000572328
8/30/2013,123.2332,6,5.7105,0.048590613
8/31/2013,129.46,7,6.2268,0.050528591
9/1/2013,128.2597,1,-1.2003,-0.00927159
9/2/2013,127.3648,2,-0.8949,-0.00697725
9/3/2013,127.5915,3,0.2267,0.001779927
9/4/2013,120.5738,4,-7.0177,-0.055001313
9/5/2013,120.5333,5,-0.0405,-0.000335894
9/6/2013,116.321,6,-4.2123,-0.034947189
9/7/2013,119.0547,7,2.7337,0.023501345
9/8/2013,116.595,1,-2.4597,-0.020660251
9/9/2013,120.0188,2,3.4238,0.029364896
9/10/2013,121.458,3,1.4392,0.011991455
9/11/2013,125.4518,4,3.9938,0.032882149
9/12/2013,125.7598,5,0.308,0.002455126
9/13/2013,126.5072,6,0.7474,0.005943076
9/14/2013,124.0813,7,-2.4259,-0.019175984
9/15/2013,124.5783,1,0.497,0.004005438
9/16/2013,125.0618,2,0.4835,0.003881093
9/17/2013,125.9683,3,0.9065,0.007248416
9/18/2013,126.3045,4,0.3362,0.002668925
9/19/2013,124.1937,5,-2.1108,-0.016711994
9/20/2013,122.9008,6,-1.2929,-0.010410351
9/21/2013,122.6435,7,-0.2573,-0.002093558
9/22/2013,122.651,1,0.0075,6.11529E-05
9/23/2013,122.2235,2,-0.4275,-0.0034855
9/24/2013,122.5383,3,0.3148,0.002575609
9/25/2013,123.423,4,0.8847,0.007219784
9/26/2013,123.4763,5,0.0533,0.000431848
9/27/2013,123.4983,6,0.022,0.000178172
9/28/2013,124.7483,7,1.25,0.010121597
9/29/2013,125.1807,1,0.4324,0.003466179
9/30/2013,123.0983,2,-2.0824,-0.016635152
10/1/2013,125.4938,3,2.3955,0.019460058
10/2/2013,99.8135,4,-25.6803,-0.204634014
10/3/2013,116.8168,5,17.0033,0.170350704
10/4/2013,121.2945,6,4.4777,0.038330959
10/5/2013,121.1398,7,-0.1547,-0.001275408
10/6/2013,121.6828,1,0.543,0.004482424
10/7/2013,123.245,2,1.5622,0.012838298
10/8/2013,124.3182,3,1.0732,0.008707858
10/9/2013,125.8423,4,1.5241,0.012259669
10/10/2013,125.6982,5,-0.1441,-0.001145084
10/11/2013,125.5117,6,-0.1865,-0.001483713
10/12/2013,126.5232,7,1.0115,0.00805901
10/13/2013,130.4155,1,3.8923,0.030763528
10/14/2013,133.0355,2,2.62,0.020089637
10/15/2013,138.6417,3,5.6062,0.042140632
10/16/2013,137.4188,4,-1.2229,-0.008820579
10/17/2013,142.735,5,5.3162,0.038686119
10/18/2013,149.5947,6,6.8597,0.04805899
10/19/2013,159.8115,7,10.2168,0.068296537
10/20/2013,163.0632,1,3.2517,0.020347096
10/21/2013,174.1772,2,11.114,0.068157622
10/22/2013,183.8648,3,9.6876,0.05561922
10/23/2013,200.62,4,16.7552,0.091127829
10/24/2013,183.1482,5,-17.4718,-0.087089024
10/25/2013,178.1217,6,-5.0265,-0.027444987
10/26/2013,175.9008,7,-2.2209,-0.012468442
10/27/2013,185.6888,1,9.788,0.055645
10/28/2013,187.8683,2,2.1795,0.01173738
10/29/2013,198.1932,3,10.3249,0.054958181
10/30/2013,194.5493,4,-3.6439,-0.018385595
10/31/2013,198.2263,5,3.677,0.018900094
11/1/2013,198.5098,6,0.2835,0.001430184
11/2/2013,200.8473,7,2.3375,0.011775237
11/3/2013,207.6335,1,6.7862,0.033787858
11/4/2013,225.196,2,17.5625,0.084584135
11/5/2013,239.29,3,14.094,0.062585481
11/6/2013,253.6933,4,14.4033,0.060191817
11/7/2013,283.3023,5,29.609,0.116711793
11/8/2013,323.767,6,40.4647,0.142832233
11/9/2013,336.1358,7,12.3688,0.038202782
11/10/2013,311.9005,1,-24.2353,-0.072099729
11/11/2013,332.6263,2,20.7258,0.066450038
11/12/2013,349.3425,3,16.7162,0.050255196
11/13/2013,393.2795,4,43.937,0.125770555
11/14/2013,410.723,5,17.4435,0.044353952
11/15/2013,409.1675,6,-1.5555,-0.003787224
11/16/2013,428.8238,7,19.6563,0.048039739
11/17/2013,476.295,1,47.4712,0.110700945
11/18/2013,674.3768,2,198.0818,0.415880494
11/19/2013,541.8257,3,-132.5511,-0.19655347
11/20/2013,572.6675,4,30.8418,0.056921995
11/21/2013,695.8668,5,123.1993,0.215132341
11/22/2013,747.4818,6,51.615,0.074173678
11/23/2013,776.6998,7,29.218,0.039088577
11/24/2013,751.377,1,-25.3228,-0.032603073
11/25/2013,778.6753,2,27.2983,0.03633103
11/26/2013,899.2,3,120.5247,0.154781717
11/27/2013,948.4088,4,49.2088,0.054725089
11/28/2013,1037.755,5,89.3462,0.094206422
11/29/2013,1120.3971,6,82.6421,0.079635463
11/30/2013,1124.7631,7,4.366,0.003896833
12/1/2013,946.9237,1,-177.8394,-0.158112762
12/2/2013,1038.3485,2,91.4248,0.096549278
12/3/2013,1068.6675,3,30.319,0.029199252
12/4/2013,1147.2457,4,78.5782,0.073529138
12/5/2013,1042.0267,5,-105.219,-0.091714443
12/6/2013,834.0262,6,-208.0005,-0.199611488
12/7/2013,694.4709,7,-139.5553,-0.167327237
12/8/2013,795.3968,1,100.9259,0.14532776
12/9/2013,898.0222,2,102.6254,0.129024155
12/10/2013,989.9975,3,91.9753,0.102419851
12/11/2013,883.2617,4,-106.7358,-0.107814212
12/12/2013,875.7474,5,-7.5143,-0.008507445
12/13/2013,898.2112,6,22.4638,0.025651004
12/14/2013,867.495,7,-30.7162,-0.03419708
12/15/2013,879.4692,1,11.9742,0.013803192
12/16/2013,712.508,2,-166.9612,-0.189843146
12/17/2013,683.8408,3,-28.6672,-0.040234215
12/18/2013,522.2288,4,-161.612,-0.236329859
12/19/2013,698.4503,5,176.2215,0.337441175
12/20/2013,622.8418,6,-75.6085,-0.108251797
12/21/2013,608.9638,7,-13.878,-0.022281742
12/22/2013,617.8158,1,8.852,0.014536168
12/23/2013,673.1677,2,55.3519,0.089592885
12/24/2013,667.6203,3,-5.5474,-0.00824074
12/25/2013,687.3557,4,19.7354,0.029560815
12/26/2013,765.2067,5,77.851,0.113261591
12/27/2013,746.7232,6,-18.4835,-0.024154911
12/28/2013,730.4715,7,-16.2517,-0.021764022
12/29/2013,745.0712,1,14.5997,0.01998668
12/30/2013,754.7645,2,9.6933,0.013009898
12/31/2013,757.4953,3,2.7308,0.003618082
1/1/2014,770.4357,4,12.9404,0.017083142
1/2/2014,808.0485,5,37.6128,0.048820168
1/3/2014,830.024,6,21.9755,0.027195769
1/4/2014,858.9833,7,28.9593,0.034889714
1/5/2014,940.0972,1,81.1139,0.094430125
1/6/2014,951.3865,2,11.2893,0.012008652
1/7/2014,810.5833,3,-140.8032,-0.147997896
1/8/2014,859.9485,4,49.3652,0.060900835
1/9/2014,860.895,5,0.9465,0.001100647
1/10/2014,884.6667,6,23.7717,0.027612775
1/11/2014,930.905,7,46.2383,0.052266351
1/12/2014,873.2635,1,-57.6415,-0.061919852
1/13/2014,857.9564,2,-15.3071,-0.017528615
1/14/2014,851.828,3,-6.1284,-0.00714302
1/15/2014,874.713,4,22.885,0.026865752
1/16/2014,847.3735,5,-27.3395,-0.031255395
1/17/2014,828.222,6,-19.1515,-0.022601014
1/18/2014,843.7583,7,15.5363,0.018758618
1/19/2014,878.6807,1,34.9224,0.041389104
1/20/2014,871.0483,2,-7.6324,-0.008686204
1/21/2014,874.2885,3,3.2402,0.003719886
1/22/2014,863.95,4,-10.3385,-0.011825044
1/23/2014,854.3475,5,-9.6025,-0.011114648
1/24/2014,825.1221,6,-29.2254,-0.03420786
1/25/2014,861.8516,7,36.7295,0.044514018
1/26/2014,880.1523,1,18.3007,0.021234166
1/27/2014,814.5302,2,-65.6221,-0.074557665
1/28/2014,833.9395,3,19.4093,0.023828828
1/29/2014,837.5148,4,3.5753,0.004287241
1/30/2014,845.8467,5,8.3319,0.009948362
1/31/2014,848.2875,6,2.4408,0.002885629
2/1/2014,853.0164,7,4.7289,0.005574643
2/2/2014,854.375,1,1.3586,0.001592701
2/3/2014,846.9048,2,-7.4702,-0.008743467
2/4/2014,842.0123,3,-4.8925,-0.005776918
2/5/2014,820.867,4,-21.1453,-0.025112816
2/6/2014,783.6211,5,-37.2459,-0.045373855
2/7/2014,703.567,6,-80.0541,-0.102159194
2/8/2014,676.9094,7,-26.6576,-0.037889213
2/9/2014,681.9371,1,5.0277,0.007427434
2/10/2014,679.7338,2,-2.2033,-0.003230943
2/11/2014,669.4418,3,-10.292,-0.015141221
2/12/2014,648.3835,4,-21.0583,-0.031456506
2/13/2014,598.4075,5,-49.976,-0.077077841
2/14/2014,656.6068,6,58.1993,0.09725697
2/15/2014,645.43,7,-11.1768,-0.017022059
2/16/2014,610.6525,1,-34.7775,-0.053882683
2/17/2014,621.494,2,10.8415,0.01775396
2/18/2014,621.2235,3,-0.2705,-0.000435242
2/19/2014,617.71,4,-3.5135,-0.005655774
2/20/2014,552.2138,5,-65.4962,-0.106030662
2/21/2014,569.0425,6,16.8287,0.030474972
2/22/2014,604.7473,7,35.7048,0.062745401
2/23/2014,604.5823,1,-0.165,-0.000272841
2/24/2014,545.3225,2,-59.2598,-0.098017755
2/25/2014,534.7108,3,-10.6117,-0.019459494
2/26/2014,577.0858,4,42.375,0.079248446
2/27/2014,576.698,5,-0.3878,-0.000671997
2/28/2014,543.9265,6,-32.7715,-0.056826103
3/1/2014,563.7358,7,19.8093,0.036419075
3/2/2014,560.3045,1,-3.4313,-0.006086717
3/3/2014,661.1225,2,100.818,0.179934304
3/4/2014,663.598,3,2.4755,0.003744389
3/5/2014,661.7858,4,-1.8122,-0.00273087
3/6/2014,658.7245,5,-3.0613,-0.004625817
3/7/2014,625.8278,6,-32.8967,-0.049939998
3/8/2014,615.24,7,-10.5878,-0.016918072
3/9/2014,633.1825,1,17.9425,0.029163416
3/10/2014,625.8285,2,-7.354,-0.011614345
3/11/2014,628.9543,3,3.1258,0.004994659
3/12/2014,631.3913,4,2.437,0.003874685
3/13/2014,638.165,5,6.7737,0.010728212
3/14/2014,626.7067,6,-11.4583,-0.017955074
3/15/2014,633.6652,7,6.9585,0.01110328
3/16/2014,630.7167,1,-2.9485,-0.004653088
3/17/2014,621.2225,2,-9.4942,-0.015053034
3/18/2014,613.6315,3,-7.591,-0.012219454
3/19/2014,608.8157,4,-4.8158,-0.007848033
3/20/2014,586.5898,5,-22.2259,-0.036506779
3/21/2014,570.7705,6,-15.8193,-0.026968249
3/22/2014,564.4215,7,-6.349,-0.01112356
3/23/2014,561.3534,1,-3.0681,-0.005435831
3/24/2014,586.2718,2,24.9184,0.044389862
3/25/2014,582.2802,3,-3.9916,-0.006808446
3/26/2014,579.0722,4,-3.208,-0.005509375
3/27/2014,478.1595,5,-100.9127,-0.17426618
3/28/2014,502.4399,6,24.2804,0.050778872
3/29/2014,493.1803,7,-9.2596,-0.018429269
3/30/2014,461.8695,1,-31.3108,-0.063487532
3/31/2014,458.4972,2,-3.3723,-0.007301413
4/1/2014,478.7163,3,20.2191,0.044098634
4/2/2014,437.515,4,-41.2013,-0.086066215
4/3/2014,447.0822,5,9.5672,0.021867136
4/4/2014,448.8792,6,1.797,0.004019395
4/5/2014,464.8259,7,15.9467,0.035525594
4/6/2014,460.7028,1,-4.1231,-0.008870203
4/7/2014,446.2195,2,-14.4833,-0.031437404
4/8/2014,450.4638,3,4.2443,0.009511687
4/9/2014,440.1983,4,-10.2655,-0.022788735
4/10/2014,360.8407,5,-79.3576,-0.180276934
4/11/2014,420.0563,6,59.2156,0.164104548
4/12/2014,420.66,7,0.6037,0.001437188
4/13/2014,414.9495,1,-5.7105,-0.013575096
4/14/2014,457.6338,2,42.6843,0.102866252
4/15/2014,520.1233,3,62.4895,0.136549136
4/16/2014,529.1625,4,9.0392,0.017378956
4/17/2014,494.4,5,-34.7625,-0.065693431
4/18/2014,478.2312,6,-16.1688,-0.032703883
4/19/2014,501.5515,7,23.3203,0.048763652
4/20/2014,497.3177,1,-4.2338,-0.008441406
4/21/2014,493.0921,2,-4.2256,-0.008496782
4/22/2014,484.429,3,-8.6631,-0.017568929
4/23/2014,486.9317,4,2.5027,0.005166289
4/24/2014,500.2568,5,13.3251,0.02736544
4/25/2014,459.6104,6,-40.6464,-0.081251069
4/26/2014,456.1395,7,-3.4709,-0.007551831
4/27/2014,429.6537,1,-26.4858,-0.058065131
4/28/2014,437.0587,2,7.405,0.01723481
4/29/2014,444.2533,3,7.1946,0.016461404
4/30/2014,445.8655,4,1.6122,0.003629011
5/1/2014,456.2673,5,10.4018,0.023329457
5/2/2014,446.6438,6,-9.6235,-0.021091803
5/3/2014,436.9381,7,-9.7057,-0.021730292
5/4/2014,434.0643,1,-2.8738,-0.006577133
5/5/2014,429.7242,2,-4.3401,-0.009998749
5/6/2014,426.992,3,-2.7322,-0.006358032
5/7/2014,436.9605,4,9.9685,0.023345871
5/8/2014,435.343,5,-1.6175,-0.003701708
5/9/2014,448.235,6,12.892,0.029613431
5/10/2014,452.7108,7,4.4758,0.009985387
5/11/2014,436.542,1,-16.1688,-0.035715516
5/12/2014,438.4278,2,1.8858,0.004319859
5/13/2014,437.413,3,-1.0148,-0.002314634
5/14/2014,441.7498,4,4.3368,0.009914657
5/15/2014,444.3162,5,2.5664,0.005809623
5/16/2014,445.0133,6,0.6971,0.001568928
5/17/2014,446.3583,7,1.345,0.003022382
5/18/2014,444.809,1,-1.5493,-0.003470978
5/19/2014,444.3128,2,-0.4962,-0.001115535
5/20/2014,485.8305,3,41.5177,0.093442503
5/21/2014,489.1625,4,3.332,0.006858359
5/22/2014,526.0577,5,36.8952,0.075425242
5/23/2014,519.0392,6,-7.0185,-0.013341692
5/24/2014,525.6332,7,6.594,0.012704243
5/25/2014,570.095,1,44.4618,0.084587123
5/26/2014,581.8267,2,11.7317,0.0205785
5/27/2014,569.6332,3,-12.1935,-0.020957271
5/28/2014,574.4547,4,4.8215,0.008464219
5/29/2014,565.5058,5,-8.9489,-0.015578078
5/30/2014,616.47,6,50.9642,0.090121445
5/31/2014,623.2567,7,6.7867,0.01100897
6/1/2014,629.0242,1,5.7675,0.009253811
6/2/2014,658.786,2,29.7618,0.047314237
6/3/2014,665.73,3,6.944,0.0105406
6/4/2014,636.7837,4,-28.9463,-0.04348054
6/5/2014,656.0598,5,19.2761,0.030271032
6/6/2014,645.5647,6,-10.4951,-0.01599717
6/7/2014,652.7083,7,7.1436,0.011065661
6/8/2014,653.6402,1,0.9319,0.001427743
6/9/2014,645.341,2,-8.2992,-0.012696893
6/10/2014,649.8068,3,4.4658,0.006920062
6/11/2014,627.9098,4,-21.897,-0.033697708
6/12/2014,581.8033,5,-46.1065,-0.07342854
6/13/2014,597.4267,6,15.6234,0.026853406
6/14/2014,571.6902,7,-25.7365,-0.043078925
6/15/2014,591.9718,1,20.2816,0.035476557
6/16/2014,588.06,2,-3.9118,-0.006608085
6/17/2014,607.3427,3,19.2827,0.032790362
6/18/2014,604.8752,4,-2.4675,-0.00406278
6/19/2014,592.2648,5,-12.6104,-0.020847937
6/20/2014,588.5215,6,-3.7433,-0.006320315
6/21/2014,591.0298,7,2.5083,0.004262036
6/22/2014,598.8765,1,7.8467,0.013276319
6/23/2014,587.4598,2,-11.4167,-0.01906353
6/24/2014,575.0667,3,-12.3931,-0.021096082
6/25/2014,562.1263,4,-12.9404,-0.022502433
6/26/2014,579.3842,5,17.2579,0.030701108
6/27/2014,600.8645,6,21.4803,0.037074363
6/28/2014,591.994,7,-8.8705,-0.014762896
6/29/2014,598.6032,1,6.6092,0.011164302
6/30/2014,639.3623,2,40.7591,0.068090348
7/1/2014,635.5905,3,-3.7718,-0.005899316
7/2/2014,647.34,4,11.7495,0.018485959
7/3/2014,640.6879,5,-6.6521,-0.010276053
7/4/2014,626.9575,6,-13.7304,-0.021430715
7/5/2014,628.3313,7,1.3738,0.002191217
7/6/2014,631.7065,1,3.3752,0.005371688
7/7/2014,617.9918,2,-13.7147,-0.021710557
7/8/2014,620.2193,3,2.2275,0.003604417
7/9/2014,620.5496,4,0.3303,0.000532554
7/10/2014,615.1129,5,-5.4367,-0.008761105
7/11/2014,631.1804,6,16.0675,0.026121221
7/12/2014,634.4775,7,3.2971,0.005223705
7/13/2014,627.5759,1,-6.9016,-0.010877612
7/14/2014,618.3798,2,-9.1961,-0.014653367
7/15/2014,619.3558,3,0.976,0.001578318
7/16/2014,615.2039,4,-4.1519,-0.006703578
7/17/2014,622.6234,5,7.4195,0.012060229
7/18/2014,628.2156,6,5.5922,0.008981673
7/19/2014,625.8011,7,-2.4145,-0.003843426
7/20/2014,621.3725,1,-4.4286,-0.007076689
7/21/2014,620.0103,2,-1.3622,-0.002192244
7/22/2014,618.8076,3,-1.2027,-0.001939806
7/23/2014,617.9274,4,-0.8802,-0.001422413
7/24/2014,600.0065,5,-17.9209,-0.029001627
7/25/2014,599.928,6,-0.0785,-0.000130832
7/26/2014,593.8526,7,-6.0754,-0.010126882
7/27/2014,590.9454,1,-2.9072,-0.004895491
7/28/2014,584.6931,2,-6.2523,-0.010580165
7/29/2014,582.2034,3,-2.4897,-0.004258131
7/30/2014,564.37,4,-17.8334,-0.030630876
7/31/2014,581.3501,5,16.9801,0.030086822
8/1/2014,595.0845,6,13.7344,0.023625007
8/2/2014,587.2878,7,-7.7967,-0.013101837
8/3/2014,585.5078,1,-1.78,-0.003030882
8/4/2014,586.7639,2,1.2561,0.002145317
8/5/2014,583.1125,3,-3.6514,-0.006222946
8/6/2014,583.0355,4,-0.077,-0.00013205
8/7/2014,587.3971,5,4.3616,0.007480848
8/8/2014,590.5324,6,3.1353,0.005337616
8/9/2014,588.095,7,-2.4374,-0.004127462
8/10/2014,589.45,1,1.355,0.00230405
8/11/2014,573.3066,2,-16.1434,-0.027387225
8/12/2014,568.2099,3,-5.0967,-0.008890008
8/13/2014,544.5681,4,-23.6418,-0.041607512
8/14/2014,508.5536,5,-36.0145,-0.066134061
8/15/2014,496.6164,6,-11.9372,-0.023472845
8/16/2014,519.8314,7,23.215,0.046746342
8/17/2014,492.9513,1,-26.8801,-0.051709266
8/18/2014,460.6719,2,-32.2794,-0.065481925
8/19/2014,486.736,3,26.0641,0.056578446
8/20/2014,511.9259,4,25.1899,0.051752696
8/21/2014,516.1605,5,4.2346,0.0082719
8/22/2014,513.9419,6,-2.2186,-0.004298275
8/23/2014,497.2185,7,-16.7234,-0.032539476
8/24/2014,508.5735,1,11.355,0.022837042
8/25/2014,501.6296,2,-6.9439,-0.01365368
8/26/2014,513.4704,3,11.8408,0.023604668
8/27/2014,510.43,4,-3.0404,-0.005921276
8/28/2014,507.0154,5,-3.4146,-0.006689654
8/29/2014,508.4224,6,1.407,0.002775064
8/30/2014,501.2031,7,-7.2193,-0.014199414
8/31/2014,478.0734,1,-23.1297,-0.046148358
9/1/2014,474.1346,2,-3.9388,-0.008238902
9/2/2014,475.3181,3,1.1835,0.002496127
9/3/2014,474.537,4,-0.7811,-0.001643321
9/4/2014,489.0865,5,14.5495,0.030660412
9/5/2014,480.501,6,-8.5855,-0.017554155
9/6/2014,482.2371,7,1.7361,0.003613104
9/7/2014,479.4833,1,-2.7538,-0.005710469
9/8/2014,472.1479,2,-7.3354,-0.015298552
9/9/2014,471.5576,3,-0.5903,-0.001250244
9/10/2014,477.5273,4,5.9697,0.012659535
9/11/2014,476.3349,5,-1.1924,-0.00249703
9/12/2014,473.8254,6,-2.5095,-0.005268352
9/13/2014,477.0861,7,3.2607,0.006881649
9/14/2014,474.715,1,-2.3711,-0.004969962
9/15/2014,471.3586,2,-3.3564,-0.007070347
9/16/2014,463.7388,3,-7.6198,-0.016165611
9/17/2014,454.9143,4,-8.8245,-0.019029031
9/18/2014,421.4594,5,-33.4549,-0.073541104
9/19/2014,391.9439,6,-29.5155,-0.070031657
9/20/2014,406.8248,7,14.8809,0.037966913
9/21/2014,396.567,1,-10.2578,-0.025214294
9/22/2014,398.8854,2,2.3184,0.005846175
9/23/2014,435.3779,3,36.4925,0.091486176
9/24/2014,422.2984,4,-13.0795,-0.030041718
9/25/2014,408.7985,5,-13.4999,-0.03196768
9/26/2014,401.9203,6,-6.8782,-0.016825404
9/27/2014,398.3571,7,-3.5632,-0.008865439
9/28/2014,376.1983,1,-22.1588,-0.055625468
9/29/2014,374.7344,2,-1.4639,-0.003891299
9/30/2014,386.2687,3,11.5343,0.030779934
10/1/2014,381.3324,4,-4.9363,-0.012779446
10/2/2014,371.9859,5,-9.3465,-0.024510112
10/3/2014,356.5566,6,-15.4293,-0.041478185
10/4/2014,325.4921,7,-31.0645,-0.087123615
10/5/2014,319.6406,1,-5.8515,-0.017977395
10/6/2014,328.4594,2,8.8188,0.027589737
